,BRD Ref,BRD Type,SW Pos,StreamingIP,CH,Mantid_DetectorID_Start,Mantid_Detector_ID_Lenght,Comment
0,ADC0-S0,PC3544M4,SP0,192.168.2.100,0,11101001,256,Tube: A1-PACK 1 Tube 1
0,ADC0-S0,PC3544M4,SP0,192.168.2.100,1,11102001,256,Tube: A1-PACK 1 Tube 2
0,ADC0-S0,PC3544M4,SP0,192.168.2.100,2,11103001,256,Tube: A1-PACK 1 Tube 3
0,ADC0-S0,PC3544M4,SP0,192.168.2.100,3,11104001,256,Tube: A1-PACK 1 Tube 4
0,ADC0-S0,PC3544M4,SP0,192.168.2.100,4,11105001,256,Tube: A1-PACK 1 Tube 5
0,ADC0-S0,PC3544M4,SP0,192.168.2.100,5,11106001,256,Tube: A1-PACK 1 Tube 6
0,ADC0-S1,PC3544M4,SP0,192.168.2.101,0,11107001,256,Tube: A1-PACK 1 Tube 7
0,ADC0-S1,PC3544M4,SP0,192.168.2.101,1,11108001,256,Tube: A1-PACK 1 Tube 8
0,ADC0-S1,PC3544M4,SP0,192.168.2.101,2,11201001,256,Tube: A1-PACK 2 Tube 1
0,ADC0-S1,PC3544M4,SP0,192.168.2.101,3,11202001,256,Tube: A1-PACK 2 Tube 2
0,ADC0-S1,PC3544M4,SP0,192.168.2.101,4,11203001,256,Tube: A1-PACK 2 Tube 3
0,ADC0-S1,PC3544M4,SP0,192.168.2.101,5,11204001,256,Tube: A1-PACK 2 Tube 4
0,ADC0-S2,PC3544M4,SP0,192.168.2.102,0,11205001,256,Tube: A1-PACK 2 Tube 5
0,ADC0-S2,PC3544M4,SP0,192.168.2.102,1,11206001,256,Tube: A1-PACK 2 Tube 6
0,ADC0-S2,PC3544M4,SP0,192.168.2.102,2,11207001,256,Tube: A1-PACK 2 Tube 7
0,ADC0-S2,PC3544M4,SP0,192.168.2.102,3,11208001,256,Tube: A1-PACK 2 Tube 8
0,ADC0-S2,PC3544M4,SP0,192.168.2.102,4,11301001,256,Tube: A1-PACK 3 Tube 1
0,ADC0-S2,PC3544M4,SP0,192.168.2.102,5,11302001,256,Tube: A1-PACK 3 Tube 2
0,ADC0-S3,PC3544M4,SP0,192.168.2.103,0,11303001,256,Tube: A1-PACK 3 Tube 3
0,ADC0-S3,PC3544M4,SP0,192.168.2.103,1,11304001,256,Tube: A1-PACK 3 Tube 4
0,ADC0-S3,PC3544M4,SP0,192.168.2.103,2,11305001,256,Tube: A1-PACK 3 Tube 5
0,ADC0-S3,PC3544M4,SP0,192.168.2.103,3,11306001,256,Tube: A1-PACK 3 Tube 6
0,ADC0-S3,PC3544M4,SP0,192.168.2.103,4,11307001,256,Tube: A1-PACK 3 Tube 7
0,ADC0-S3,PC3544M4,SP0,192.168.2.103,5,11308001,256,Tube: A1-PACK 3 Tube 8
1,ADC1-S0,PC3544M4,SP1,192.168.2.104,0,11401001,256,Tube: A1-PACK 4 Tube 1
1,ADC1-S0,PC3544M4,SP1,192.168.2.104,1,11402001,256,Tube: A1-PACK 4 Tube 2
1,ADC1-S0,PC3544M4,SP1,192.168.2.104,2,11403001,256,Tube: A1-PACK 4 Tube 3
1,ADC1-S0,PC3544M4,SP1,192.168.2.104,3,11404001,256,Tube: A1-PACK 4 Tube 4
1,ADC1-S0,PC3544M4,SP1,192.168.2.104,4,11405001,256,Tube: A1-PACK 4 Tube 5
1,ADC1-S0,PC3544M4,SP1,192.168.2.104,5,11406001,256,Tube: A1-PACK 4 Tube 6
1,ADC1-S1,PC3544M4,SP1,192.168.2.105,0,11407001,256,Tube: A1-PACK 4 Tube 7
1,ADC1-S1,PC3544M4,SP1,192.168.2.105,1,11408001,256,Tube: A1-PACK 4 Tube 8
1,ADC1-S1,PC3544M4,SP1,192.168.2.105,2,11501001,256,Tube: A1-PACK 5 Tube 1
1,ADC1-S1,PC3544M4,SP1,192.168.2.105,3,11502001,256,Tube: A1-PACK 5 Tube 5
1,ADC1-S1,PC3544M4,SP1,192.168.2.105,4,11503001,256,Tube: A1-PACK 5 Tube 3
1,ADC1-S1,PC3544M4,SP1,192.168.2.105,5,11504001,256,Tube: A1-PACK 5 Tube 4
1,ADC1-S2,PC3544M4,SP1,192.168.2.106,0,11505001,256,Tube: A1-PACK 5 Tube 5
1,ADC1-S2,PC3544M4,SP1,192.168.2.106,1,11506001,256,Tube: A1-PACK 5 Tube 6
1,ADC1-S2,PC3544M4,SP1,192.168.2.106,2,11507001,256,Tube: A1-PACK 5 Tube 7
1,ADC1-S2,PC3544M4,SP1,192.168.2.106,3,11508001,256,Tube: A1-PACK 5 Tube 8
1,ADC1-S2,PC3544M4,SP1,192.168.2.106,4,11601001,256,Tube: A1-PACK 6 Tube 1
1,ADC1-S2,PC3544M4,SP1,192.168.2.106,5,11602001,256,Tube: A1-PACK 6 Tube 2
1,ADC1-S3,PC3544M4,SP1,192.168.2.107,0,11603001,256,Tube: A1-PACK 6 Tube 3
1,ADC1-S3,PC3544M4,SP1,192.168.2.107,1,11604001,256,Tube: A1-PACK 6 Tube 4
1,ADC1-S3,PC3544M4,SP1,192.168.2.107,2,11605001,256,Tube: A1-PACK 6 Tube 5
1,ADC1-S3,PC3544M4,SP1,192.168.2.107,3,11606001,256,Tube: A1-PACK 6 Tube 6
1,ADC1-S3,PC3544M4,SP1,192.168.2.107,4,11607001,256,Tube: A1-PACK 6 Tube 7
1,ADC1-S3,PC3544M4,SP1,192.168.2.107,5,11608001,256,Tube: A1-PACK 6 Tube 8
2,ADC2-S0,PC3544M4,SP2,192.168.2.108,0,11701001,256,Tube: A1-PACK 7 Tube 1
2,ADC2-S0,PC3544M4,SP2,192.168.2.108,1,11702001,256,Tube: A1-PACK 7 Tube 2
2,ADC2-S0,PC3544M4,SP2,192.168.2.108,2,11703001,256,Tube: A1-PACK 7 Tube 3
2,ADC2-S0,PC3544M4,SP2,192.168.2.108,3,11704001,256,Tube: A1-PACK 7 Tube 4
2,ADC2-S0,PC3544M4,SP2,192.168.2.108,4,11705001,256,Tube: A1-PACK 7 Tube 5
2,ADC2-S0,PC3544M4,SP2,192.168.2.108,5,11706001,256,Tube: A1-PACK 7 Tube 6
2,ADC2-S1,PC3544M4,SP2,192.168.2.109,0,11707001,256,Tube: A1-PACK 7 Tube 7
2,ADC2-S1,PC3544M4,SP2,192.168.2.109,1,11708001,256,Tube: A1-PACK 7 Tube 8
2,ADC2-S1,PC3544M4,SP2,192.168.2.109,2,11801001,256,Tube: A1-PACK 8 Tube 1
2,ADC2-S1,PC3544M4,SP2,192.168.2.109,3,11802001,256,Tube: A1-PACK 8 Tube 5
2,ADC2-S1,PC3544M4,SP2,192.168.2.109,4,11803001,256,Tube: A1-PACK 8 Tube 3
2,ADC2-S1,PC3544M4,SP2,192.168.2.109,5,11804001,256,Tube: A1-PACK 8 Tube 4
2,ADC2-S2,PC3544M4,SP2,192.168.2.110,0,11805001,256,Tube: A1-PACK 8 Tube 5
2,ADC2-S2,PC3544M4,SP2,192.168.2.110,1,11806001,256,Tube: A1-PACK 8 Tube 6
2,ADC2-S2,PC3544M4,SP2,192.168.2.110,2,11807001,256,Tube: A1-PACK 8 Tube 7
2,ADC2-S2,PC3544M4,SP2,192.168.2.110,3,11808001,256,Tube: A1-PACK 8 Tube 8
2,ADC2-S2,PC3544M4,SP2,192.168.2.110,4,12101001,256,Tube: A2-PACK 1 Tube 1
2,ADC2-S2,PC3544M4,SP2,192.168.2.110,5,12102001,256,Tube: A2-PACK 1 Tube 2
2,ADC2-S3,PC3544M4,SP2,192.168.2.111,0,12103001,256,Tube: A2-PACK 1 Tube 3
2,ADC2-S3,PC3544M4,SP2,192.168.2.111,1,12104001,256,Tube: A2-PACK 1 Tube 4
2,ADC2-S3,PC3544M4,SP2,192.168.2.111,2,12105001,256,Tube: A2-PACK 1 Tube 5
2,ADC2-S3,PC3544M4,SP2,192.168.2.111,3,12106001,256,Tube: A2-PACK 1 Tube 6
2,ADC2-S3,PC3544M4,SP2,192.168.2.111,4,12107001,256,Tube: A2-PACK 1 Tube 7
2,ADC2-S3,PC3544M4,SP2,192.168.2.111,5,12108001,256,Tube: A2-PACK 1 Tube 8
3,ADC3-S0,PC3544M4,SP3,192.168.2.112,0,12201001,256,Tube: A2-PACK 2 Tube 1
3,ADC3-S0,PC3544M4,SP3,192.168.2.112,1,12202001,256,Tube: A2-PACK 2 Tube 2
3,ADC3-S0,PC3544M4,SP3,192.168.2.112,2,12203001,256,Tube: A2-PACK 2 Tube 3
3,ADC3-S0,PC3544M4,SP3,192.168.2.112,3,12204001,256,Tube: A2-PACK 2 Tube 4
3,ADC3-S0,PC3544M4,SP3,192.168.2.112,4,12205001,256,Tube: A2-PACK 2 Tube 5
3,ADC3-S0,PC3544M4,SP3,192.168.2.112,5,12206001,256,Tube: A2-PACK 2 Tube 6
3,ADC3-S1,PC3544M4,SP3,192.168.2.113,0,12207001,256,Tube: A2-PACK 2 Tube 7
3,ADC3-S1,PC3544M4,SP3,192.168.2.113,1,12208001,256,Tube: A2-PACK 2 Tube 8
3,ADC3-S1,PC3544M4,SP3,192.168.2.113,2,12301001,256,Tube: A2-PACK 3 Tube 1
3,ADC3-S1,PC3544M4,SP3,192.168.2.113,3,12302001,256,Tube: A2-PACK 3 Tube 2
3,ADC3-S1,PC3544M4,SP3,192.168.2.113,4,12303001,256,Tube: A2-PACK 3 Tube 3
3,ADC3-S1,PC3544M4,SP3,192.168.2.113,5,12304001,256,Tube: A2-PACK 3 Tube 4
3,ADC3-S2,PC3544M4,SP3,192.168.2.114,0,12305001,256,Tube: A2-PACK 3 Tube 5
3,ADC3-S2,PC3544M4,SP3,192.168.2.114,1,12306001,256,Tube: A2-PACK 3 Tube 6
3,ADC3-S2,PC3544M4,SP3,192.168.2.114,2,12307001,256,Tube: A2-PACK 3 Tube 7
3,ADC3-S2,PC3544M4,SP3,192.168.2.114,3,12308001,256,Tube: A2-PACK 3 Tube 8
3,ADC3-S2,PC3544M4,SP3,192.168.2.114,4,12401001,256,Tube: A2-PACK 4 Tube 1
3,ADC3-S2,PC3544M4,SP3,192.168.2.114,5,12402001,256,Tube: A2-PACK 4 Tube 2
3,ADC3-S3,PC3544M4,SP3,192.168.2.115,0,12403001,256,Tube: A2-PACK 4 Tube 3
3,ADC3-S3,PC3544M4,SP3,192.168.2.115,1,12404001,256,Tube: A2-PACK 4 Tube 4
3,ADC3-S3,PC3544M4,SP3,192.168.2.115,2,12405001,256,Tube: A2-PACK 4 Tube 5
3,ADC3-S3,PC3544M4,SP3,192.168.2.115,3,12406001,256,Tube: A2-PACK 4 Tube 6
3,ADC3-S3,PC3544M4,SP3,192.168.2.115,4,12407001,256,Tube: A2-PACK 4 Tube 7
3,ADC3-S3,PC3544M4,SP3,192.168.2.115,5,12408001,256,Tube: A2-PACK 4 Tube 8
4,ADC4-S0,PC3544M4,SP4,192.168.2.116,0,12501001,256,Tube: A2-PACK 5 Tube 1
4,ADC4-S0,PC3544M4,SP4,192.168.2.116,1,12502001,256,Tube: A2-PACK 5 Tube 5
4,ADC4-S0,PC3544M4,SP4,192.168.2.116,2,12503001,256,Tube: A2-PACK 5 Tube 3
4,ADC4-S0,PC3544M4,SP4,192.168.2.116,3,12504001,256,Tube: A2-PACK 5 Tube 4
4,ADC4-S0,PC3544M4,SP4,192.168.2.116,4,12505001,256,Tube: A2-PACK 5 Tube 5
4,ADC4-S0,PC3544M4,SP4,192.168.2.116,5,12506001,256,Tube: A2-PACK 5 Tube 6
4,ADC4-S1,PC3544M4,SP4,192.168.2.117,0,12507001,256,Tube: A2-PACK 5 Tube 7
4,ADC4-S1,PC3544M4,SP4,192.168.2.117,1,12508001,256,Tube: A2-PACK 5 Tube 8
4,ADC4-S1,PC3544M4,SP4,192.168.2.117,2,12601001,256,Tube: A2-PACK 6 Tube 1
4,ADC4-S1,PC3544M4,SP4,192.168.2.117,3,12602001,256,Tube: A2-PACK 6 Tube 2
4,ADC4-S1,PC3544M4,SP4,192.168.2.117,4,12603001,256,Tube: A2-PACK 6 Tube 3
4,ADC4-S1,PC3544M4,SP4,192.168.2.117,5,12604001,256,Tube: A2-PACK 6 Tube 4
4,ADC4-S2,PC3544M4,SP4,192.168.2.118,0,12605001,256,Tube: A2-PACK 6 Tube 5
4,ADC4-S2,PC3544M4,SP4,192.168.2.118,1,12606001,256,Tube: A2-PACK 6 Tube 6
4,ADC4-S2,PC3544M4,SP4,192.168.2.118,2,12607001,256,Tube: A2-PACK 6 Tube 7
4,ADC4-S2,PC3544M4,SP4,192.168.2.118,3,12608001,256,Tube: A2-PACK 6 Tube 8
4,ADC4-S2,PC3544M4,SP4,192.168.2.118,4,12701001,256,Tube: A2-PACK 7 Tube 1
4,ADC4-S2,PC3544M4,SP4,192.168.2.118,5,12702001,256,Tube: A2-PACK 7 Tube 2
4,ADC4-S3,PC3544M4,SP4,192.168.2.119,0,12703001,256,Tube: A2-PACK 7 Tube 3
4,ADC4-S3,PC3544M4,SP4,192.168.2.119,1,12704001,256,Tube: A2-PACK 7 Tube 4
4,ADC4-S3,PC3544M4,SP4,192.168.2.119,2,12705001,256,Tube: A2-PACK 7 Tube 5
4,ADC4-S3,PC3544M4,SP4,192.168.2.119,3,12706001,256,Tube: A2-PACK 7 Tube 6
4,ADC4-S3,PC3544M4,SP4,192.168.2.119,4,12707001,256,Tube: A2-PACK 7 Tube 7
4,ADC4-S3,PC3544M4,SP4,192.168.2.119,5,12708001,256,Tube: A2-PACK 7 Tube 8
5,ADC5-S0,PC3544M4,SP5,192.168.2.120,0,12801001,256,Tube: A2-PACK 8 Tube 1
5,ADC5-S0,PC3544M4,SP5,192.168.2.120,1,12802001,256,Tube: A2-PACK 8 Tube 5
5,ADC5-S0,PC3544M4,SP5,192.168.2.120,2,12803001,256,Tube: A2-PACK 8 Tube 3
5,ADC5-S0,PC3544M4,SP5,192.168.2.120,3,12804001,256,Tube: A2-PACK 8 Tube 4
5,ADC5-S0,PC3544M4,SP5,192.168.2.120,4,12805001,256,Tube: A2-PACK 8 Tube 5
5,ADC5-S0,PC3544M4,SP5,192.168.2.120,5,12806001,256,Tube: A2-PACK 8 Tube 6
5,ADC5-S1,PC3544M4,SP5,192.168.2.121,0,12807001,256,Tube: A2-PACK 8 Tube 7
5,ADC5-S1,PC3544M4,SP5,192.168.2.121,1,12808001,256,Tube: A2-PACK 8 Tube 8
5,ADC5-S1,PC3544M4,SP5,192.168.2.121,2,51101001,256,Tube: E1-PACK 1 Tube 1
5,ADC5-S1,PC3544M4,SP5,192.168.2.121,3,51102001,256,Tube: E1-PACK 1 Tube 2
5,ADC5-S1,PC3544M4,SP5,192.168.2.121,4,51103001,256,Tube: E1-PACK 1 Tube 3
5,ADC5-S1,PC3544M4,SP5,192.168.2.121,5,51104001,256,Tube: E1-PACK 1 Tube 4
5,ADC5-S2,PC3544M4,SP5,192.168.2.122,0,51105001,256,Tube: E1-PACK 1 Tube 5
5,ADC5-S2,PC3544M4,SP5,192.168.2.122,1,51106001,256,Tube: E1-PACK 1 Tube 6
5,ADC5-S2,PC3544M4,SP5,192.168.2.122,2,51107001,256,Tube: E1-PACK 1 Tube 7
5,ADC5-S2,PC3544M4,SP5,192.168.2.122,3,51108001,256,Tube: E1-PACK 1 Tube 8
5,ADC5-S2,PC3544M4,SP5,192.168.2.122,4,52101001,256,Tube: E2-PACK 2 Tube 1
5,ADC5-S2,PC3544M4,SP5,192.168.2.122,5,52102001,256,Tube: E2-PACK 2 Tube 2
5,ADC5-S3,PC3544M4,SP5,192.168.2.123,0,52103001,256,Tube: E2-PACK 2 Tube 3
5,ADC5-S3,PC3544M4,SP5,192.168.2.123,1,52104001,256,Tube: E2-PACK 2 Tube 4
5,ADC5-S3,PC3544M4,SP5,192.168.2.123,2,52105001,256,Tube: E2-PACK 2 Tube 5
5,ADC5-S3,PC3544M4,SP5,192.168.2.123,3,52106001,256,Tube: E2-PACK 2 Tube 6
5,ADC5-S3,PC3544M4,SP5,192.168.2.123,4,52107001,256,Tube: E2-PACK 2 Tube 7
5,ADC5-S3,PC3544M4,SP5,192.168.2.123,5,52108001,256,Tube: E2-PACK 2 Tube 8
6,ADC6-S0,PC3544M4,SP6,192.168.2.124,0,21101002,256,Tube: B1-PACK 1 Tube 1
6,ADC6-S0,PC3544M4,SP6,192.168.2.124,1,21102002,256,Tube: B1-PACK 1 Tube 5
6,ADC6-S0,PC3544M4,SP6,192.168.2.124,2,21103002,256,Tube: B1-PACK 1 Tube 3
6,ADC6-S0,PC3544M4,SP6,192.168.2.124,3,21104002,256,Tube: B1-PACK 1 Tube 4
6,ADC6-S0,PC3544M4,SP6,192.168.2.124,4,21105002,256,Tube: B1-PACK 1 Tube 5
6,ADC6-S0,PC3544M4,SP6,192.168.2.124,5,21106002,256,Tube: B1-PACK 1 Tube 6
6,ADC6-S1,PC3544M4,SP6,192.168.2.125,0,21107002,256,Tube: B1-PACK 1 Tube 7
6,ADC6-S1,PC3544M4,SP6,192.168.2.125,1,21108002,256,Tube: B1-PACK 1 Tube 8
6,ADC6-S1,PC3544M4,SP6,192.168.2.125,2,21201002,256,Tube: B1-PACK 2 Tube 1
6,ADC6-S1,PC3544M4,SP6,192.168.2.125,3,21202002,256,Tube: B1-PACK 2 Tube 2
6,ADC6-S1,PC3544M4,SP6,192.168.2.125,4,21203002,256,Tube: B1-PACK 2 Tube 3
6,ADC6-S1,PC3544M4,SP6,192.168.2.125,5,21204002,256,Tube: B1-PACK 2 Tube 4
6,ADC6-S2,PC3544M4,SP6,192.168.2.126,0,21205002,256,Tube: B1-PACK 2 Tube 5
6,ADC6-S2,PC3544M4,SP6,192.168.2.126,1,21206002,256,Tube: B1-PACK 2 Tube 6
6,ADC6-S2,PC3544M4,SP6,192.168.2.126,2,21207002,256,Tube: B1-PACK 2 Tube 7
6,ADC6-S2,PC3544M4,SP6,192.168.2.126,3,21208002,256,Tube: B1-PACK 2 Tube 8
6,ADC6-S2,PC3544M4,SP6,192.168.2.126,4,21209002,256,Tube: B1-PACK 2 Tube 9
6,ADC6-S2,PC3544M4,SP6,192.168.2.126,5,21210002,256,Tube: B1-PACK 2 Tube 10
6,ADC6-S3,PC3544M4,SP6,192.168.2.127,0,21301002,256,Tube: B1-PACK 3 Tube 1
6,ADC6-S3,PC3544M4,SP6,192.168.2.127,1,21302002,256,Tube: B1-PACK 3 Tube 2
6,ADC6-S3,PC3544M4,SP6,192.168.2.127,2,21303002,256,Tube: B1-PACK 3 Tube 3
6,ADC6-S3,PC3544M4,SP6,192.168.2.127,3,21304002,256,Tube: B1-PACK 3 Tube 4
6,ADC6-S3,PC3544M4,SP6,192.168.2.127,4,21305002,256,Tube: B1-PACK 3 Tube 5
6,ADC6-S3,PC3544M4,SP6,192.168.2.127,5,21306002,256,Tube: B1-PACK 3 Tube 6
7,ADC7-S0,PC3544M4,SP7,192.168.2.128,0,21307002,256,Tube: B1-PACK 3 Tube 7
7,ADC7-S0,PC3544M4,SP7,192.168.2.128,1,21308002,256,Tube: B1-PACK 3 Tube 8
7,ADC7-S0,PC3544M4,SP7,192.168.2.128,2,21401002,256,Tube: B1-PACK 4 Tube 1
7,ADC7-S0,PC3544M4,SP7,192.168.2.128,3,21402002,256,Tube: B1-PACK 4 Tube 5
7,ADC7-S0,PC3544M4,SP7,192.168.2.128,4,21403002,256,Tube: B1-PACK 4 Tube 3
7,ADC7-S0,PC3544M4,SP7,192.168.2.128,5,21404002,256,Tube: B1-PACK 4 Tube 4
7,ADC7-S1,PC3544M4,SP7,192.168.2.129,0,21405002,256,Tube: B1-PACK 4 Tube 5
7,ADC7-S1,PC3544M4,SP7,192.168.2.129,1,21406002,256,Tube: B1-PACK 4 Tube 6
7,ADC7-S1,PC3544M4,SP7,192.168.2.129,2,21407002,256,Tube: B1-PACK 4 Tube 7
7,ADC7-S1,PC3544M4,SP7,192.168.2.129,3,21408002,256,Tube: B1-PACK 4 Tube 8
7,ADC7-S1,PC3544M4,SP7,192.168.2.129,4,21501002,256,Tube: B1-PACK 5 Tube 1
7,ADC7-S1,PC3544M4,SP7,192.168.2.129,5,21502002,256,Tube: B1-PACK 5 Tube 5
7,ADC7-S2,PC3544M4,SP7,192.168.2.130,0,21503002,256,Tube: B1-PACK 5 Tube 3
7,ADC7-S2,PC3544M4,SP7,192.168.2.130,1,21504002,256,Tube: B1-PACK 5 Tube 4
7,ADC7-S2,PC3544M4,SP7,192.168.2.130,2,21505002,256,Tube: B1-PACK 5 Tube 5
7,ADC7-S2,PC3544M4,SP7,192.168.2.130,3,21506002,256,Tube: B1-PACK 5 Tube 6
7,ADC7-S2,PC3544M4,SP7,192.168.2.130,4,21507002,256,Tube: B1-PACK 5 Tube 7
7,ADC7-S2,PC3544M4,SP7,192.168.2.130,5,21508002,256,Tube: B1-PACK 5 Tube 8
7,ADC7-S3,PC3544M4,SP7,192.168.2.131,0,21509002,256,Tube: B1-PACK 5 Tube 9
7,ADC7-S3,PC3544M4,SP7,192.168.2.131,1,21510002,256,Tube: B1-PACK 5 Tube 10
7,ADC7-S3,PC3544M4,SP7,192.168.2.131,2,21601002,256,Tube: B1-PACK 6 Tube 1
7,ADC7-S3,PC3544M4,SP7,192.168.2.131,3,21602002,256,Tube: B1-PACK 6 Tube 5
7,ADC7-S3,PC3544M4,SP7,192.168.2.131,4,21603002,256,Tube: B1-PACK 6 Tube 3
7,ADC7-S3,PC3544M4,SP7,192.168.2.131,5,21604002,256,Tube: B1-PACK 6 Tube 4
8,ADC8-S0,PC3544M4,SP8,192.168.2.132,0,21605002,256,Tube: B1-PACK 6 Tube 5
8,ADC8-S0,PC3544M4,SP8,192.168.2.132,1,21606002,256,Tube: B1-PACK 6 Tube 6
8,ADC8-S0,PC3544M4,SP8,192.168.2.132,2,21607002,256,Tube: B1-PACK 6 Tube 7
8,ADC8-S0,PC3544M4,SP8,192.168.2.132,3,21608002,256,Tube: B1-PACK 6 Tube 8
8,ADC8-S0,PC3544M4,SP8,192.168.2.132,4,22101001,256,Tube: B2-PACK 1 Tube 1
8,ADC8-S0,PC3544M4,SP8,192.168.2.132,5,22102001,256,Tube: B2-PACK 1 Tube 2
8,ADC8-S1,PC3544M4,SP8,192.168.2.133,0,22103001,256,Tube: B2-PACK 1 Tube 3
8,ADC8-S1,PC3544M4,SP8,192.168.2.133,1,22104001,256,Tube: B2-PACK 1 Tube 4
8,ADC8-S1,PC3544M4,SP8,192.168.2.133,2,22105001,256,Tube: B2-PACK 1 Tube 5
8,ADC8-S1,PC3544M4,SP8,192.168.2.133,3,22106001,256,Tube: B2-PACK 1 Tube 6
8,ADC8-S1,PC3544M4,SP8,192.168.2.133,4,22107001,256,Tube: B2-PACK 1 Tube 7
8,ADC8-S1,PC3544M4,SP8,192.168.2.133,5,22108001,256,Tube: B2-PACK 1 Tube 8
8,ADC8-S2,PC3544M4,SP8,192.168.2.134,0,22201001,256,Tube: B2-PACK 2 Tube 1
8,ADC8-S2,PC3544M4,SP8,192.168.2.134,1,22202001,256,Tube: B2-PACK 2 Tube 2
8,ADC8-S2,PC3544M4,SP8,192.168.2.134,2,22203001,256,Tube: B2-PACK 2 Tube 3
8,ADC8-S2,PC3544M4,SP8,192.168.2.134,3,22204001,256,Tube: B2-PACK 2 Tube 4
8,ADC8-S2,PC3544M4,SP8,192.168.2.134,4,22205001,256,Tube: B2-PACK 2 Tube 5
8,ADC8-S2,PC3544M4,SP8,192.168.2.134,5,22206001,256,Tube: B2-PACK 2 Tube 6
8,ADC8-S3,PC3544M4,SP8,192.168.2.135,0,22207001,256,Tube: B2-PACK 2 Tube 7
8,ADC8-S3,PC3544M4,SP8,192.168.2.135,1,22208001,256,Tube: B2-PACK 2 Tube 8
8,ADC8-S3,PC3544M4,SP8,192.168.2.135,2,22209001,256,Tube: B2-PACK 2 Tube 9
8,ADC8-S3,PC3544M4,SP8,192.168.2.135,3,22210001,256,Tube: B2-PACK 2 Tube 10
8,ADC8-S3,PC3544M4,SP8,192.168.2.135,4,22301001,256,Tube: B2-PACK 3 Tube 1
8,ADC8-S3,PC3544M4,SP8,192.168.2.135,5,22302001,256,Tube: B2-PACK 3 Tube 2
9,ADC9-S0,PC3544M4,SP9,192.168.2.136,0,22303001,256,Tube: B2-PACK 3 Tube 3
9,ADC9-S0,PC3544M4,SP9,192.168.2.136,1,22304001,256,Tube: B2-PACK 3 Tube 4
9,ADC9-S0,PC3544M4,SP9,192.168.2.136,2,22305001,256,Tube: B2-PACK 3 Tube 5
9,ADC9-S0,PC3544M4,SP9,192.168.2.136,3,22306001,256,Tube: B2-PACK 3 Tube 6
9,ADC9-S0,PC3544M4,SP9,192.168.2.136,4,22307001,256,Tube: B2-PACK 3 Tube 7
9,ADC9-S0,PC3544M4,SP9,192.168.2.136,5,22308001,256,Tube: B2-PACK 3 Tube 8
9,ADC9-S1,PC3544M4,SP9,192.168.2.137,0,22401001,256,Tube: B2-PACK 4 Tube 1
9,ADC9-S1,PC3544M4,SP9,192.168.2.137,1,22402001,256,Tube: B2-PACK 4 Tube 2
9,ADC9-S1,PC3544M4,SP9,192.168.2.137,2,22403001,256,Tube: B2-PACK 4 Tube 3
9,ADC9-S1,PC3544M4,SP9,192.168.2.137,3,22404001,256,Tube: B2-PACK 4 Tube 4
9,ADC9-S1,PC3544M4,SP9,192.168.2.137,4,22405001,256,Tube: B2-PACK 4 Tube 5
9,ADC9-S1,PC3544M4,SP9,192.168.2.137,5,22406001,256,Tube: B2-PACK 4 Tube 6
9,ADC9-S2,PC3544M4,SP9,192.168.2.138,0,22407001,256,Tube: B2-PACK 4 Tube 7
9,ADC9-S2,PC3544M4,SP9,192.168.2.138,1,22408001,256,Tube: B2-PACK 4 Tube 8
9,ADC9-S2,PC3544M4,SP9,192.168.2.138,2,22501001,256,Tube: B2-PACK 5 Tube 1
9,ADC9-S2,PC3544M4,SP9,192.168.2.138,3,22502001,256,Tube: B2-PACK 5 Tube 2
9,ADC9-S2,PC3544M4,SP9,192.168.2.138,4,22503001,256,Tube: B2-PACK 5 Tube 3
9,ADC9-S2,PC3544M4,SP9,192.168.2.138,5,22504001,256,Tube: B2-PACK 5 Tube 4
9,ADC9-S3,PC3544M4,SP9,192.168.2.139,0,22505001,256,Tube: B2-PACK 5 Tube 5
9,ADC9-S3,PC3544M4,SP9,192.168.2.139,1,22506001,256,Tube: B2-PACK 5 Tube 6
9,ADC9-S3,PC3544M4,SP9,192.168.2.139,2,22507001,256,Tube: B2-PACK 5 Tube 7
9,ADC9-S3,PC3544M4,SP9,192.168.2.139,3,22508001,256,Tube: B2-PACK 5 Tube 8
9,ADC9-S3,PC3544M4,SP9,192.168.2.139,4,22509001,256,Tube: B2-PACK 5 Tube 9
9,ADC9-S3,PC3544M4,SP9,192.168.2.139,5,22510001,256,Tube: B2-PACK 5 Tube 10
10,ADC10-S0,PC3544M4,SP10,192.168.2.140,0,22601001,256,Tube: B2-PACK 6 Tube 1
10,ADC10-S0,PC3544M4,SP10,192.168.2.140,1,22602001,256,Tube: B2-PACK 6 Tube 2
10,ADC10-S0,PC3544M4,SP10,192.168.2.140,2,22603001,256,Tube: B2-PACK 6 Tube 3
10,ADC10-S0,PC3544M4,SP10,192.168.2.140,3,22604001,256,Tube: B2-PACK 6 Tube 4
10,ADC10-S0,PC3544M4,SP10,192.168.2.140,4,22605001,256,Tube: B2-PACK 6 Tube 5
10,ADC10-S0,PC3544M4,SP10,192.168.2.140,5,22606001,256,Tube: B2-PACK 6 Tube 6
10,ADC10-S1,PC3544M4,SP10,192.168.2.141,0,22607001,256,Tube: B2-PACK 6 Tube 7
10,ADC10-S1,PC3544M4,SP10,192.168.2.141,1,22608001,256,Tube: B2-PACK 6 Tube 8
10,ADC10-S1,PC3544M4,SP10,192.168.2.141,2,32101001,256,Tube: C2-PACK 1 Tube 1
10,ADC10-S1,PC3544M4,SP10,192.168.2.141,3,32102001,256,Tube: C2-PACK 1 Tube 2
10,ADC10-S1,PC3544M4,SP10,192.168.2.141,4,32103001,256,Tube: C2-PACK 1 Tube 3
10,ADC10-S1,PC3544M4,SP10,192.168.2.141,5,32104001,256,Tube: C2-PACK 1 Tube 4
10,ADC10-S2,PC3544M4,SP10,192.168.2.142,0,32105001,256,Tube: C2-PACK 1 Tube 5
10,ADC10-S2,PC3544M4,SP10,192.168.2.142,1,32106001,256,Tube: C2-PACK 1 Tube 6
10,ADC10-S2,PC3544M4,SP10,192.168.2.142,2,32107001,256,Tube: C2-PACK 1 Tube 7
10,ADC10-S2,PC3544M4,SP10,192.168.2.142,3,32108001,256,Tube: C2-PACK 1 Tube 8
10,ADC10-S2,PC3544M4,SP10,192.168.2.142,4,31201001,256,Tube: C1-PACK 2 Tube 1
10,ADC10-S2,PC3544M4,SP10,192.168.2.142,5,31202001,256,Tube: C1-PACK 2 Tube 2
10,ADC10-S3,PC3544M4,SP10,192.168.2.143,0,31203001,256,Tube: C1-PACK 2 Tube 3
10,ADC10-S3,PC3544M4,SP10,192.168.2.143,1,31204001,256,Tube: C1-PACK 2 Tube 4
10,ADC10-S3,PC3544M4,SP10,192.168.2.143,2,31205001,256,Tube: C1-PACK 2 Tube 5
10,ADC10-S3,PC3544M4,SP10,192.168.2.143,3,31206001,256,Tube: C1-PACK 2 Tube 6
10,ADC10-S3,PC3544M4,SP10,192.168.2.143,4,31207001,256,Tube: C1-PACK 2 Tube 7
10,ADC10-S3,PC3544M4,SP10,192.168.2.143,5,31208001,256,Tube: C1-PACK 2 Tube 8
11,ADC11-S0,PC3544M4,SP11,192.168.2.144,0,31209001,256,Tube: C1-PACK 2 Tube 9
11,ADC11-S0,PC3544M4,SP11,192.168.2.144,1,31210001,256,Tube: C1-PACK 2 Tube 10
11,ADC11-S0,PC3544M4,SP11,192.168.2.144,2,31301001,256,Tube: C1-PACK 3 Tube 1
11,ADC11-S0,PC3544M4,SP11,192.168.2.144,3,31302001,256,Tube: C1-PACK 3 Tube 2
11,ADC11-S0,PC3544M4,SP11,192.168.2.144,4,31303001,256,Tube: C1-PACK 3 Tube 3
11,ADC11-S0,PC3544M4,SP11,192.168.2.144,5,31304001,256,Tube: C1-PACK 3 Tube 4
11,ADC11-S1,PC3544M4,SP11,192.168.2.145,0,31305001,256,Tube: C1-PACK 3 Tube 5
11,ADC11-S1,PC3544M4,SP11,192.168.2.145,1,31306001,256,Tube: C1-PACK 3 Tube 6
11,ADC11-S1,PC3544M4,SP11,192.168.2.145,2,31307001,256,Tube: C1-PACK 3 Tube 7
11,ADC11-S1,PC3544M4,SP11,192.168.2.145,3,31308001,256,Tube: C1-PACK 3 Tube 8
11,ADC11-S1,PC3544M4,SP11,192.168.2.145,4,31401001,256,Tube: C1-PACK 4 Tube 1
11,ADC11-S1,PC3544M4,SP11,192.168.2.145,5,31402001,256,Tube: C1-PACK 4 Tube 2
11,ADC11-S2,PC3544M4,SP11,192.168.2.146,0,31403001,256,Tube: C1-PACK 4 Tube 3
11,ADC11-S2,PC3544M4,SP11,192.168.2.146,1,31404001,256,Tube: C1-PACK 4 Tube 4
11,ADC11-S2,PC3544M4,SP11,192.168.2.146,2,31405001,256,Tube: C1-PACK 4 Tube 5
11,ADC11-S2,PC3544M4,SP11,192.168.2.146,3,31406001,256,Tube: C1-PACK 4 Tube 6
11,ADC11-S2,PC3544M4,SP11,192.168.2.146,4,31407001,256,Tube: C1-PACK 4 Tube 7
11,ADC11-S2,PC3544M4,SP11,192.168.2.146,5,31408001,256,Tube: C1-PACK 4 Tube 8
11,ADC11-S3,PC3544M4,SP11,192.168.2.147,0,31101001,256,Tube: C1-PACK 1 Tube 1
11,ADC11-S3,PC3544M4,SP11,192.168.2.147,1,31102001,256,Tube: C1-PACK 1 Tube 2
11,ADC11-S3,PC3544M4,SP11,192.168.2.147,2,31103001,256,Tube: C1-PACK 1 Tube 3
11,ADC11-S3,PC3544M4,SP11,192.168.2.147,3,31104001,256,Tube: C1-PACK 1 Tube 4
11,ADC11-S3,PC3544M4,SP11,192.168.2.147,4,31105001,256,Tube: C1-PACK 1 Tube 5
11,ADC11-S3,PC3544M4,SP11,192.168.2.147,5,31106001,256,Tube: C1-PACK 1 Tube 6
12,ADC12-S0,PC3544M4,SP16,192.168.2.164,0,31107001,256,Tube: C1-PACK 1 Tube 7
12,ADC12-S0,PC3544M4,SP16,192.168.2.164,1,31108001,256,Tube: C1-PACK 1 Tube 8
12,ADC12-S0,PC3544M4,SP16,192.168.2.164,2,32201001,256,Tube: C2-PACK 2 Tube 1
12,ADC12-S0,PC3544M4,SP16,192.168.2.164,3,32202001,256,Tube: C2-PACK 2 Tube 2
12,ADC12-S0,PC3544M4,SP16,192.168.2.164,4,32203001,256,Tube: C2-PACK 2 Tube 3
12,ADC12-S0,PC3544M4,SP16,192.168.2.164,5,32204001,256,Tube: C2-PACK 2 Tube 4
12,ADC12-S1,PC3544M4,SP16,192.168.2.165,0,32205001,256,Tube: C2-PACK 2 Tube 5
12,ADC12-S1,PC3544M4,SP16,192.168.2.165,1,32206001,256,Tube: C2-PACK 2 Tube 6
12,ADC12-S1,PC3544M4,SP16,192.168.2.165,2,32207001,256,Tube: C2-PACK 2 Tube 7
12,ADC12-S1,PC3544M4,SP16,192.168.2.165,3,32208001,256,Tube: C2-PACK 2 Tube 8
12,ADC12-S1,PC3544M4,SP16,192.168.2.165,4,32209001,256,Tube: C2-PACK 2 Tube 9
12,ADC12-S1,PC3544M4,SP16,192.168.2.165,5,32210001,256,Tube: C2-PACK 2 Tube 10
12,ADC12-S2,PC3544M4,SP16,192.168.2.166,0,32301001,256,Tube: C2-PACK 3 Tube 1
12,ADC12-S2,PC3544M4,SP16,192.168.2.166,1,32302001,256,Tube: C2-PACK 3 Tube 2
12,ADC12-S2,PC3544M4,SP16,192.168.2.166,2,32303001,256,Tube: C2-PACK 3 Tube 3
12,ADC12-S2,PC3544M4,SP16,192.168.2.166,3,32304001,256,Tube: C2-PACK 3 Tube 4
12,ADC12-S2,PC3544M4,SP16,192.168.2.166,4,32305001,256,Tube: C2-PACK 3 Tube 5
12,ADC12-S2,PC3544M4,SP16,192.168.2.166,5,32306001,256,Tube: C2-PACK 3 Tube 6
12,ADC12-S3,PC3544M4,SP16,192.168.2.167,0,32307001,256,Tube: C2-PACK 3 Tube 7
12,ADC12-S3,PC3544M4,SP16,192.168.2.167,1,32308001,256,Tube: C2-PACK 3 Tube 8
12,ADC12-S3,PC3544M4,SP16,192.168.2.167,2,32401001,256,Tube: C2-PACK 4 Tube 1
12,ADC12-S3,PC3544M4,SP16,192.168.2.167,3,32402001,256,Tube: C2-PACK 4 Tube 2
12,ADC12-S3,PC3544M4,SP16,192.168.2.167,4,32403001,256,Tube: C2-PACK 4 Tube 3
12,ADC12-S3,PC3544M4,SP16,192.168.2.167,5,32404001,256,Tube: C2-PACK 4 Tube 4
13,ADC13-S0,PC3544M4,SP17,192.168.2.168,0,32405001,256,Tube: C2-PACK 4 Tube 5
13,ADC13-S0,PC3544M4,SP17,192.168.2.168,1,32406001,256,Tube: C2-PACK 4 Tube 6
13,ADC13-S0,PC3544M4,SP17,192.168.2.168,2,32407001,256,Tube: C2-PACK 4 Tube 7
13,ADC13-S0,PC3544M4,SP17,192.168.2.168,3,32408001,256,Tube: C2-PACK 4 Tube 8
13,ADC13-S0,PC3544M4,SP17,192.168.2.168,4,33101001,256,Tube: C3-PACK 1 Tube 1
13,ADC13-S0,PC3544M4,SP17,192.168.2.168,5,33102001,256,Tube: C3-PACK 1 Tube 2
13,ADC13-S1,PC3544M4,SP17,192.168.2.169,0,33103001,256,Tube: C3-PACK 1 Tube 3
13,ADC13-S1,PC3544M4,SP17,192.168.2.169,1,33104001,256,Tube: C3-PACK 1 Tube 4
13,ADC13-S1,PC3544M4,SP17,192.168.2.169,2,33105001,256,Tube: C3-PACK 1 Tube 5
13,ADC13-S1,PC3544M4,SP17,192.168.2.169,3,33106001,256,Tube: C3-PACK 1 Tube 6
13,ADC13-S1,PC3544M4,SP17,192.168.2.169,4,33107001,256,Tube: C3-PACK 1 Tube 7
13,ADC13-S1,PC3544M4,SP17,192.168.2.169,5,33108001,256,Tube: C3-PACK 1 Tube 8
13,ADC13-S2,PC3544M4,SP17,192.168.2.170,0,33201001,256,Tube: C3-PACK 2 Tube 1
13,ADC13-S2,PC3544M4,SP17,192.168.2.170,1,33202001,256,Tube: C3-PACK 2 Tube 2
13,ADC13-S2,PC3544M4,SP17,192.168.2.170,2,33203001,256,Tube: C3-PACK 2 Tube 3
13,ADC13-S2,PC3544M4,SP17,192.168.2.170,3,33204001,256,Tube: C3-PACK 2 Tube 4
13,ADC13-S2,PC3544M4,SP17,192.168.2.170,4,33205001,256,Tube: C3-PACK 2 Tube 5
13,ADC13-S2,PC3544M4,SP17,192.168.2.170,5,33206001,256,Tube: C3-PACK 2 Tube 6
13,ADC13-S3,PC3544M4,SP17,192.168.2.171,0,33207001,256,Tube: C3-PACK 2 Tube 7
13,ADC13-S3,PC3544M4,SP17,192.168.2.171,1,33208001,256,Tube: C3-PACK 2 Tube 8
13,ADC13-S3,PC3544M4,SP17,192.168.2.171,2,33209001,256,Tube: C3-PACK 2 Tube 9
13,ADC13-S3,PC3544M4,SP17,192.168.2.171,3,33210001,256,Tube: C3-PACK 2 Tube 10
13,ADC13-S3,PC3544M4,SP17,192.168.2.171,4,33301001,256,Tube: C3-PACK 3 Tube 1
13,ADC13-S3,PC3544M4,SP17,192.168.2.171,5,33302001,256,Tube: C3-PACK 3 Tube 2
14,ADC14-S0,PC3544M4,SP18,192.168.2.172,0,33303001,256,Tube: C3-PACK 3 Tube 3
14,ADC14-S0,PC3544M4,SP18,192.168.2.172,1,33304001,256,Tube: C3-PACK 3 Tube 4
14,ADC14-S0,PC3544M4,SP18,192.168.2.172,2,33305001,256,Tube: C3-PACK 3 Tube 5
14,ADC14-S0,PC3544M4,SP18,192.168.2.172,3,33306001,256,Tube: C3-PACK 3 Tube 6
14,ADC14-S0,PC3544M4,SP18,192.168.2.172,4,33307001,256,Tube: C3-PACK 3 Tube 7
14,ADC14-S0,PC3544M4,SP18,192.168.2.172,5,33308001,256,Tube: C3-PACK 3 Tube 8
14,ADC14-S1,PC3544M4,SP18,192.168.2.173,0,33401001,256,Tube: C3-PACK 4 Tube 1
14,ADC14-S1,PC3544M4,SP18,192.168.2.173,1,33402001,256,Tube: C3-PACK 4 Tube 2
14,ADC14-S1,PC3544M4,SP18,192.168.2.173,2,33403001,256,Tube: C3-PACK 4 Tube 3
14,ADC14-S1,PC3544M4,SP18,192.168.2.173,3,33404001,256,Tube: C3-PACK 4 Tube 4
14,ADC14-S1,PC3544M4,SP18,192.168.2.173,4,33405001,256,Tube: C3-PACK 4 Tube 5
14,ADC14-S1,PC3544M4,SP18,192.168.2.173,5,33406001,256,Tube: C3-PACK 4 Tube 6
14,ADC14-S2,PC3544M4,SP18,192.168.2.174,0,33407001,256,Tube: C3-PACK 4 Tube 7
14,ADC14-S2,PC3544M4,SP18,192.168.2.174,1,33408001,256,Tube: C3-PACK 4 Tube 8
14,ADC14-S2,PC3544M4,SP18,192.168.2.174,2,34101001,256,Tube: C4-PACK 1 Tube 1
14,ADC14-S2,PC3544M4,SP18,192.168.2.174,3,34102001,256,Tube: C4-PACK 1 Tube 2
14,ADC14-S2,PC3544M4,SP18,192.168.2.174,4,34103001,256,Tube: C4-PACK 1 Tube 3
14,ADC14-S2,PC3544M4,SP18,192.168.2.174,5,34104001,256,Tube: C4-PACK 1 Tube 4
14,ADC14-S3,PC3544M4,SP18,192.168.2.175,0,34105001,256,Tube: C4-PACK 1 Tube 5
14,ADC14-S3,PC3544M4,SP18,192.168.2.175,1,34106001,256,Tube: C4-PACK 1 Tube 6
14,ADC14-S3,PC3544M4,SP18,192.168.2.175,2,34107001,256,Tube: C4-PACK 1 Tube 7
14,ADC14-S3,PC3544M4,SP18,192.168.2.175,3,34108001,256,Tube: C4-PACK 1 Tube 8
14,ADC14-S3,PC3544M4,SP18,192.168.2.175,4,34201001,256,Tube: C4-PACK 2 Tube 1
14,ADC14-S3,PC3544M4,SP18,192.168.2.175,5,34202001,256,Tube: C4-PACK 2 Tube 2
15,ADC15-S0,PC3544M4,SP19,192.168.2.176,0,34203001,256,Tube: C4-PACK 2 Tube 3
15,ADC15-S0,PC3544M4,SP19,192.168.2.176,1,34204001,256,Tube: C4-PACK 2 Tube 4
15,ADC15-S0,PC3544M4,SP19,192.168.2.176,2,34205001,256,Tube: C4-PACK 2 Tube 5
15,ADC15-S0,PC3544M4,SP19,192.168.2.176,3,34206001,256,Tube: C4-PACK 2 Tube 6
15,ADC15-S0,PC3544M4,SP19,192.168.2.176,4,34207001,256,Tube: C4-PACK 2 Tube 7
15,ADC15-S0,PC3544M4,SP19,192.168.2.176,5,34208001,256,Tube: C4-PACK 2 Tube 8
15,ADC15-S1,PC3544M4,SP19,192.168.2.177,0,34209001,256,Tube: C4-PACK 2 Tube 9
15,ADC15-S1,PC3544M4,SP19,192.168.2.177,1,34210001,256,Tube: C4-PACK 2 Tube 10
15,ADC15-S1,PC3544M4,SP19,192.168.2.177,2,34301001,256,Tube: C4-PACK 3 Tube 1
15,ADC15-S1,PC3544M4,SP19,192.168.2.177,3,34302001,256,Tube: C4-PACK 3 Tube 2
15,ADC15-S1,PC3544M4,SP19,192.168.2.177,4,34303001,256,Tube: C4-PACK 3 Tube 3
15,ADC15-S1,PC3544M4,SP19,192.168.2.177,5,34304001,256,Tube: C4-PACK 3 Tube 4
15,ADC15-S2,PC3544M4,SP19,192.168.2.178,0,34305001,256,Tube: C4-PACK 3 Tube 5
15,ADC15-S2,PC3544M4,SP19,192.168.2.178,1,34306001,256,Tube: C4-PACK 3 Tube 6
15,ADC15-S2,PC3544M4,SP19,192.168.2.178,2,34307001,256,Tube: C4-PACK 3 Tube 7
15,ADC15-S2,PC3544M4,SP19,192.168.2.178,3,34308001,256,Tube: C4-PACK 3 Tube 8
15,ADC15-S2,PC3544M4,SP19,192.168.2.178,4,34401001,256,Tube: C4-PACK 4 Tube 1
15,ADC15-S2,PC3544M4,SP19,192.168.2.178,5,34402001,256,Tube: C4-PACK 4 Tube 2
15,ADC15-S3,PC3544M4,SP19,192.168.2.179,0,34403001,256,Tube: C4-PACK 4 Tube 3
15,ADC15-S3,PC3544M4,SP19,192.168.2.179,1,34404001,256,Tube: C4-PACK 4 Tube 4
15,ADC15-S3,PC3544M4,SP19,192.168.2.179,2,34405001,256,Tube: C4-PACK 4 Tube 5
15,ADC15-S3,PC3544M4,SP19,192.168.2.179,3,34406001,256,Tube: C4-PACK 4 Tube 6
15,ADC15-S3,PC3544M4,SP19,192.168.2.179,4,34407001,256,Tube: C4-PACK 4 Tube 7
15,ADC15-S3,PC3544M4,SP19,192.168.2.179,5,34408001,256,Tube: C4-PACK 4 Tube 8
16,ADC16-S0,PC3544M4,SP20,192.168.2.180,0,41101001,256,Tube: D1-PACK 1 Tube 1
16,ADC16-S0,PC3544M4,SP20,192.168.2.180,1,41102001,256,Tube: D1-PACK 1 Tube 2
16,ADC16-S0,PC3544M4,SP20,192.168.2.180,2,41103001,256,Tube: D1-PACK 1 Tube 3
16,ADC16-S0,PC3544M4,SP20,192.168.2.180,3,41104001,256,Tube: D1-PACK 1 Tube 4
16,ADC16-S0,PC3544M4,SP20,192.168.2.180,4,41105001,256,Tube: D1-PACK 1 Tube 5
16,ADC16-S0,PC3544M4,SP20,192.168.2.180,5,41106001,256,Tube: D1-PACK 1 Tube 6
16,ADC16-S1,PC3544M4,SP20,192.168.2.181,0,41107001,256,Tube: D1-PACK 1 Tube 7
16,ADC16-S1,PC3544M4,SP20,192.168.2.181,1,41108001,256,Tube: D1-PACK 1 Tube 8
16,ADC16-S1,PC3544M4,SP20,192.168.2.181,2,41201001,256,Tube: D1-PACK 2 Tube 1
16,ADC16-S1,PC3544M4,SP20,192.168.2.181,3,41202001,256,Tube: D1-PACK 2 Tube 2
16,ADC16-S1,PC3544M4,SP20,192.168.2.181,4,41203001,256,Tube: D1-PACK 2 Tube 3
16,ADC16-S1,PC3544M4,SP20,192.168.2.181,5,41204001,256,Tube: D1-PACK 2 Tube 4
16,ADC16-S2,PC3544M4,SP20,192.168.2.182,0,41205001,256,Tube: D1-PACK 2 Tube 5
16,ADC16-S2,PC3544M4,SP20,192.168.2.182,1,41206001,256,Tube: D1-PACK 2 Tube 6
16,ADC16-S2,PC3544M4,SP20,192.168.2.182,2,41207001,256,Tube: D1-PACK 2 Tube 7
16,ADC16-S2,PC3544M4,SP20,192.168.2.182,3,41208001,256,Tube: D1-PACK 2 Tube 8
16,ADC16-S2,PC3544M4,SP20,192.168.2.182,4,41301001,256,Tube: D1-PACK 3 Tube 1
16,ADC16-S2,PC3544M4,SP20,192.168.2.182,5,41302001,256,Tube: D1-PACK 3 Tube 2
16,ADC16-S3,PC3544M4,SP20,192.168.2.183,0,41303001,256,Tube: D1-PACK 3 Tube 3
16,ADC16-S3,PC3544M4,SP20,192.168.2.183,1,41304001,256,Tube: D1-PACK 3 Tube 4
16,ADC16-S3,PC3544M4,SP20,192.168.2.183,2,41305001,256,Tube: D1-PACK 3 Tube 5
16,ADC16-S3,PC3544M4,SP20,192.168.2.183,3,41306001,256,Tube: D1-PACK 3 Tube 6
16,ADC16-S3,PC3544M4,SP20,192.168.2.183,4,41307001,256,Tube: D1-PACK 3 Tube 7
16,ADC16-S3,PC3544M4,SP20,192.168.2.183,5,41308001,256,Tube: D1-PACK 3 Tube 8
17,ADC17-S0,PC3544M4,SP21,192.168.2.184,0,41401001,256,Tube: D1-PACK 4 Tube 1
17,ADC17-S0,PC3544M4,SP21,192.168.2.184,1,41402001,256,Tube: D1-PACK 4 Tube 2
17,ADC17-S0,PC3544M4,SP21,192.168.2.184,2,41403001,256,Tube: D1-PACK 4 Tube 3
17,ADC17-S0,PC3544M4,SP21,192.168.2.184,3,41404001,256,Tube: D1-PACK 4 Tube 4
17,ADC17-S0,PC3544M4,SP21,192.168.2.184,4,41405001,256,Tube: D1-PACK 4 Tube 5
17,ADC17-S0,PC3544M4,SP21,192.168.2.184,5,41406001,256,Tube: D1-PACK 4 Tube 6
17,ADC17-S1,PC3544M4,SP21,192.168.2.185,0,41407001,256,Tube: D1-PACK 4 Tube 7
17,ADC17-S1,PC3544M4,SP21,192.168.2.185,1,41408001,256,Tube: D1-PACK 4 Tube 8
17,ADC17-S1,PC3544M4,SP21,192.168.2.185,2,41501001,256,Tube: D1-PACK 5 Tube 1
17,ADC17-S1,PC3544M4,SP21,192.168.2.185,3,41502001,256,Tube: D1-PACK 5 Tube 2
17,ADC17-S1,PC3544M4,SP21,192.168.2.185,4,41503001,256,Tube: D1-PACK 5 Tube 3
17,ADC17-S1,PC3544M4,SP21,192.168.2.185,5,41504001,256,Tube: D1-PACK 5 Tube 4
17,ADC17-S2,PC3544M4,SP21,192.168.2.186,0,41505001,256,Tube: D1-PACK 5 Tube 5
17,ADC17-S2,PC3544M4,SP21,192.168.2.186,1,41506001,256,Tube: D1-PACK 5 Tube 6
17,ADC17-S2,PC3544M4,SP21,192.168.2.186,2,41507001,256,Tube: D1-PACK 5 Tube 7
17,ADC17-S2,PC3544M4,SP21,192.168.2.186,3,41508001,256,Tube: D1-PACK 5 Tube 8
17,ADC17-S2,PC3544M4,SP21,192.168.2.186,4,41601001,256,Tube: D1-PACK 6 Tube 1
17,ADC17-S2,PC3544M4,SP21,192.168.2.186,5,41602001,256,Tube: D1-PACK 6 Tube 2
17,ADC17-S3,PC3544M4,SP21,192.168.2.187,0,41603001,256,Tube: D1-PACK 6 Tube 3
17,ADC17-S3,PC3544M4,SP21,192.168.2.187,1,41604001,256,Tube: D1-PACK 6 Tube 4
17,ADC17-S3,PC3544M4,SP21,192.168.2.187,2,41605001,256,Tube: D1-PACK 6 Tube 5
17,ADC17-S3,PC3544M4,SP21,192.168.2.187,3,41606001,256,Tube: D1-PACK 6 Tube 6
17,ADC17-S3,PC3544M4,SP21,192.168.2.187,4,41607001,256,Tube: D1-PACK 6 Tube 7
17,ADC17-S3,PC3544M4,SP21,192.168.2.187,5,41608001,256,Tube: D1-PACK 6 Tube 8
18,ADC18-S0,PC3544M4,SP22,192.168.2.188,0,42101001,256,Tube: D2-PACK 1 Tube 1
18,ADC18-S0,PC3544M4,SP22,192.168.2.188,1,42102001,256,Tube: D2-PACK 1 Tube 2
18,ADC18-S0,PC3544M4,SP22,192.168.2.188,2,42103001,256,Tube: D2-PACK 1 Tube 3
18,ADC18-S0,PC3544M4,SP22,192.168.2.188,3,42104001,256,Tube: D2-PACK 1 Tube 4
18,ADC18-S0,PC3544M4,SP22,192.168.2.188,4,42105001,256,Tube: D2-PACK 1 Tube 5
18,ADC18-S0,PC3544M4,SP22,192.168.2.188,5,42106001,256,Tube: D2-PACK 1 Tube 6
18,ADC18-S1,PC3544M4,SP22,192.168.2.189,0,42107001,256,Tube: D2-PACK 1 Tube 7
18,ADC18-S1,PC3544M4,SP22,192.168.2.189,1,42108001,256,Tube: D2-PACK 1 Tube 8
18,ADC18-S1,PC3544M4,SP22,192.168.2.189,2,42201001,256,Tube: D2-PACK 2 Tube 1
18,ADC18-S1,PC3544M4,SP22,192.168.2.189,3,42202001,256,Tube: D2-PACK 2 Tube 2
18,ADC18-S1,PC3544M4,SP22,192.168.2.189,4,42203001,256,Tube: D2-PACK 2 Tube 3
18,ADC18-S1,PC3544M4,SP22,192.168.2.189,5,42204001,256,Tube: D2-PACK 2 Tube 4
18,ADC18-S2,PC3544M4,SP22,192.168.2.190,0,42205001,256,Tube: D2-PACK 2 Tube 5
18,ADC18-S2,PC3544M4,SP22,192.168.2.190,1,42206001,256,Tube: D2-PACK 2 Tube 6
18,ADC18-S2,PC3544M4,SP22,192.168.2.190,2,42207001,256,Tube: D2-PACK 2 Tube 7
18,ADC18-S2,PC3544M4,SP22,192.168.2.190,3,42208001,256,Tube: D2-PACK 2 Tube 8
18,ADC18-S2,PC3544M4,SP22,192.168.2.190,4,42301001,256,Tube: D2-PACK 3 Tube 1
18,ADC18-S2,PC3544M4,SP22,192.168.2.190,5,42302001,256,Tube: D2-PACK 3 Tube 2
18,ADC18-S3,PC3544M4,SP22,192.168.2.191,0,42303001,256,Tube: D2-PACK 3 Tube 3
18,ADC18-S3,PC3544M4,SP22,192.168.2.191,1,42304001,256,Tube: D2-PACK 3 Tube 4
18,ADC18-S3,PC3544M4,SP22,192.168.2.191,2,42305001,256,Tube: D2-PACK 3 Tube 5
18,ADC18-S3,PC3544M4,SP22,192.168.2.191,3,42306001,256,Tube: D2-PACK 3 Tube 6
18,ADC18-S3,PC3544M4,SP22,192.168.2.191,4,42307001,256,Tube: D2-PACK 3 Tube 7
18,ADC18-S3,PC3544M4,SP22,192.168.2.191,5,42308001,256,Tube: D2-PACK 3 Tube 8
19,ADC19-S0,PC3544M4,SP23,192.168.2.192,0,42401001,256,Tube: D2-PACK 4 Tube 1
19,ADC19-S0,PC3544M4,SP23,192.168.2.192,1,42402001,256,Tube: D2-PACK 4 Tube 2
19,ADC19-S0,PC3544M4,SP23,192.168.2.192,2,42403001,256,Tube: D2-PACK 4 Tube 3
19,ADC19-S0,PC3544M4,SP23,192.168.2.192,3,42404001,256,Tube: D2-PACK 4 Tube 4
19,ADC19-S0,PC3544M4,SP23,192.168.2.192,4,42405001,256,Tube: D2-PACK 4 Tube 5
19,ADC19-S0,PC3544M4,SP23,192.168.2.192,5,42406001,256,Tube: D2-PACK 4 Tube 6
19,ADC19-S1,PC3544M4,SP23,192.168.2.193,0,42407001,256,Tube: D2-PACK 4 Tube 7
19,ADC19-S1,PC3544M4,SP23,192.168.2.193,1,42408001,256,Tube: D2-PACK 4 Tube 8
19,ADC19-S1,PC3544M4,SP23,192.168.2.193,2,42501001,256,Tube: D2-PACK 5 Tube 1
19,ADC19-S1,PC3544M4,SP23,192.168.2.193,3,42502001,256,Tube: D2-PACK 5 Tube 2
19,ADC19-S1,PC3544M4,SP23,192.168.2.193,4,42503001,256,Tube: D2-PACK 5 Tube 3
19,ADC19-S1,PC3544M4,SP23,192.168.2.193,5,42504001,256,Tube: D2-PACK 5 Tube 4
19,ADC19-S2,PC3544M4,SP23,192.168.2.194,0,42505001,256,Tube: D2-PACK 5 Tube 5
19,ADC19-S2,PC3544M4,SP23,192.168.2.194,1,42506001,256,Tube: D2-PACK 5 Tube 6
19,ADC19-S2,PC3544M4,SP23,192.168.2.194,2,42507001,256,Tube: D2-PACK 5 Tube 7
19,ADC19-S2,PC3544M4,SP23,192.168.2.194,3,42508001,256,Tube: D2-PACK 5 Tube 8
19,ADC19-S2,PC3544M4,SP23,192.168.2.194,4,42601001,256,Tube: D2-PACK 6 Tube 1
19,ADC19-S2,PC3544M4,SP23,192.168.2.194,5,42602001,256,Tube: D2-PACK 6 Tube 2
19,ADC19-S3,PC3544M4,SP23,192.168.2.195,0,42603001,256,Tube: D2-PACK 6 Tube 3
19,ADC19-S3,PC3544M4,SP23,192.168.2.195,1,42604001,256,Tube: D2-PACK 6 Tube 4
19,ADC19-S3,PC3544M4,SP23,192.168.2.195,2,42605001,256,Tube: D2-PACK 6 Tube 5
19,ADC19-S3,PC3544M4,SP23,192.168.2.195,3,42606001,256,Tube: D2-PACK 6 Tube 6
19,ADC19-S3,PC3544M4,SP23,192.168.2.195,4,42607001,256,Tube: D2-PACK 6 Tube 7
19,ADC19-S3,PC3544M4,SP23,192.168.2.195,5,42608001,256,Tube: D2-PACK 6 Tube 8
20,ADC20-S0,PC3544M4,SP24,192.168.2.196,0,43101001,256,Tube: D3-PACK 1 Tube 1
20,ADC20-S0,PC3544M4,SP24,192.168.2.196,1,43102001,256,Tube: D3-PACK 1 Tube 2
20,ADC20-S0,PC3544M4,SP24,192.168.2.196,2,43103001,256,Tube: D3-PACK 1 Tube 3
20,ADC20-S0,PC3544M4,SP24,192.168.2.196,3,43104001,256,Tube: D3-PACK 1 Tube 4
20,ADC20-S0,PC3544M4,SP24,192.168.2.196,4,43105001,256,Tube: D3-PACK 1 Tube 5
20,ADC20-S0,PC3544M4,SP24,192.168.2.196,5,43106001,256,Tube: D3-PACK 1 Tube 6
20,ADC20-S1,PC3544M4,SP24,192.168.2.197,0,43107001,256,Tube: D3-PACK 1 Tube 7
20,ADC20-S1,PC3544M4,SP24,192.168.2.197,1,43108001,256,Tube: D3-PACK 1 Tube 8
20,ADC20-S1,PC3544M4,SP24,192.168.2.197,2,43201001,256,Tube: D3-PACK 2 Tube 1
20,ADC20-S1,PC3544M4,SP24,192.168.2.197,3,43202001,256,Tube: D3-PACK 2 Tube 2
20,ADC20-S1,PC3544M4,SP24,192.168.2.197,4,43203001,256,Tube: D3-PACK 2 Tube 3
20,ADC20-S1,PC3544M4,SP24,192.168.2.197,5,43204001,256,Tube: D3-PACK 2 Tube 4
20,ADC20-S2,PC3544M4,SP24,192.168.2.198,0,43205001,256,Tube: D3-PACK 2 Tube 5
20,ADC20-S2,PC3544M4,SP24,192.168.2.198,1,43206001,256,Tube: D3-PACK 2 Tube 6
20,ADC20-S2,PC3544M4,SP24,192.168.2.198,2,43207001,256,Tube: D3-PACK 2 Tube 7
20,ADC20-S2,PC3544M4,SP24,192.168.2.198,3,43208001,256,Tube: D3-PACK 2 Tube 8
20,ADC20-S2,PC3544M4,SP24,192.168.2.198,4,43301001,256,Tube: D3-PACK 3 Tube 1
20,ADC20-S2,PC3544M4,SP24,192.168.2.198,5,43302001,256,Tube: D3-PACK 3 Tube 2
20,ADC20-S3,PC3544M4,SP24,192.168.2.199,0,43303001,256,Tube: D3-PACK 3 Tube 3
20,ADC20-S3,PC3544M4,SP24,192.168.2.199,1,43304001,256,Tube: D3-PACK 3 Tube 4
20,ADC20-S3,PC3544M4,SP24,192.168.2.199,2,43305001,256,Tube: D3-PACK 3 Tube 5
20,ADC20-S3,PC3544M4,SP24,192.168.2.199,3,43306001,256,Tube: D3-PACK 3 Tube 6
20,ADC20-S3,PC3544M4,SP24,192.168.2.199,4,43307001,256,Tube: D3-PACK 3 Tube 7
20,ADC20-S3,PC3544M4,SP24,192.168.2.199,5,43308001,256,Tube: D3-PACK 3 Tube 8
21,ADC21-S0,PC3544M4,SP25,192.168.2.200,0,43401001,256,Tube: D3-PACK 4 Tube 1
21,ADC21-S0,PC3544M4,SP25,192.168.2.200,1,43402001,256,Tube: D3-PACK 4 Tube 2
21,ADC21-S0,PC3544M4,SP25,192.168.2.200,2,43403001,256,Tube: D3-PACK 4 Tube 3
21,ADC21-S0,PC3544M4,SP25,192.168.2.200,3,43404001,256,Tube: D3-PACK 4 Tube 4
21,ADC21-S0,PC3544M4,SP25,192.168.2.200,4,43405001,256,Tube: D3-PACK 4 Tube 5
21,ADC21-S0,PC3544M4,SP25,192.168.2.200,5,43406001,256,Tube: D3-PACK 4 Tube 6
21,ADC21-S1,PC3544M4,SP25,192.168.2.201,0,43407001,256,Tube: D3-PACK 4 Tube 7
21,ADC21-S1,PC3544M4,SP25,192.168.2.201,1,43408001,256,Tube: D3-PACK 4 Tube 8
21,ADC21-S1,PC3544M4,SP25,192.168.2.201,2,43501001,256,Tube: D3-PACK 5 Tube 1
21,ADC21-S1,PC3544M4,SP25,192.168.2.201,3,43502001,256,Tube: D3-PACK 5 Tube 2
21,ADC21-S1,PC3544M4,SP25,192.168.2.201,4,43503001,256,Tube: D3-PACK 5 Tube 3
21,ADC21-S1,PC3544M4,SP25,192.168.2.201,5,43504001,256,Tube: D3-PACK 5 Tube 4
21,ADC21-S2,PC3544M4,SP25,192.168.2.202,0,43505001,256,Tube: D3-PACK 5 Tube 5
21,ADC21-S2,PC3544M4,SP25,192.168.2.202,1,43506001,256,Tube: D3-PACK 5 Tube 6
21,ADC21-S2,PC3544M4,SP25,192.168.2.202,2,43507001,256,Tube: D3-PACK 5 Tube 7
21,ADC21-S2,PC3544M4,SP25,192.168.2.202,3,43508001,256,Tube: D3-PACK 5 Tube 8
21,ADC21-S2,PC3544M4,SP25,192.168.2.202,4,43601001,256,Tube: D3-PACK 6 Tube 1
21,ADC21-S2,PC3544M4,SP25,192.168.2.202,5,43602001,256,Tube: D3-PACK 6 Tube 2
21,ADC21-S3,PC3544M4,SP25,192.168.2.203,0,43603001,256,Tube: D3-PACK 6 Tube 3
21,ADC21-S3,PC3544M4,SP25,192.168.2.203,1,43604001,256,Tube: D3-PACK 6 Tube 4
21,ADC21-S3,PC3544M4,SP25,192.168.2.203,2,43605001,256,Tube: D3-PACK 6 Tube 5
21,ADC21-S3,PC3544M4,SP25,192.168.2.203,3,43606001,256,Tube: D3-PACK 6 Tube 6
21,ADC21-S3,PC3544M4,SP25,192.168.2.203,4,43607001,256,Tube: D3-PACK 6 Tube 7
21,ADC21-S3,PC3544M4,SP25,192.168.2.203,5,43608001,256,Tube: D3-PACK 6 Tube 8
22,ADC22-S0,PC3544M4,SP26,192.168.2.204,0,44101001,256,Tube: D4-PACK 1 Tube 1
22,ADC22-S0,PC3544M4,SP26,192.168.2.204,1,44102001,256,Tube: D4-PACK 1 Tube 2
22,ADC22-S0,PC3544M4,SP26,192.168.2.204,2,44103001,256,Tube: D4-PACK 1 Tube 3
22,ADC22-S0,PC3544M4,SP26,192.168.2.204,3,44104001,256,Tube: D4-PACK 1 Tube 4
22,ADC22-S0,PC3544M4,SP26,192.168.2.204,4,44105001,256,Tube: D4-PACK 1 Tube 5
22,ADC22-S0,PC3544M4,SP26,192.168.2.204,5,44106001,256,Tube: D4-PACK 1 Tube 6
22,ADC22-S1,PC3544M4,SP26,192.168.2.205,0,44107001,256,Tube: D4-PACK 1 Tube 7
22,ADC22-S1,PC3544M4,SP26,192.168.2.205,1,44108001,256,Tube: D4-PACK 1 Tube 8
22,ADC22-S1,PC3544M4,SP26,192.168.2.205,2,44201001,256,Tube: D4-PACK 2 Tube 1
22,ADC22-S1,PC3544M4,SP26,192.168.2.205,3,44202001,256,Tube: D4-PACK 2 Tube 2
22,ADC22-S1,PC3544M4,SP26,192.168.2.205,4,44203001,256,Tube: D4-PACK 2 Tube 3
22,ADC22-S1,PC3544M4,SP26,192.168.2.205,5,44204001,256,Tube: D4-PACK 2 Tube 4
22,ADC22-S2,PC3544M4,SP26,192.168.2.206,0,44205001,256,Tube: D4-PACK 2 Tube 5
22,ADC22-S2,PC3544M4,SP26,192.168.2.206,1,44206001,256,Tube: D4-PACK 2 Tube 6
22,ADC22-S2,PC3544M4,SP26,192.168.2.206,2,44207001,256,Tube: D4-PACK 2 Tube 7
22,ADC22-S2,PC3544M4,SP26,192.168.2.206,3,44208001,256,Tube: D4-PACK 2 Tube 8
22,ADC22-S2,PC3544M4,SP26,192.168.2.206,4,44301001,256,Tube: D4-PACK 3 Tube 1
22,ADC22-S2,PC3544M4,SP26,192.168.2.206,5,44302001,256,Tube: D4-PACK 3 Tube 2
22,ADC22-S3,PC3544M4,SP26,192.168.2.207,0,44303001,256,Tube: D4-PACK 3 Tube 3
22,ADC22-S3,PC3544M4,SP26,192.168.2.207,1,44304001,256,Tube: D4-PACK 3 Tube 4
22,ADC22-S3,PC3544M4,SP26,192.168.2.207,2,44305001,256,Tube: D4-PACK 3 Tube 5
22,ADC22-S3,PC3544M4,SP26,192.168.2.207,3,44306001,256,Tube: D4-PACK 3 Tube 6
22,ADC22-S3,PC3544M4,SP26,192.168.2.207,4,44307001,256,Tube: D4-PACK 3 Tube 7
22,ADC22-S3,PC3544M4,SP26,192.168.2.207,5,44308001,256,Tube: D4-PACK 3 Tube 8
23,ADC23-S0,PC3544M4,SP27,192.168.2.208,0,44401001,256,Tube: D4-PACK 4 Tube 1
23,ADC23-S0,PC3544M4,SP27,192.168.2.208,1,44402001,256,Tube: D4-PACK 4 Tube 2
23,ADC23-S0,PC3544M4,SP27,192.168.2.208,2,44403001,256,Tube: D4-PACK 4 Tube 3
23,ADC23-S0,PC3544M4,SP27,192.168.2.208,3,44404001,256,Tube: D4-PACK 4 Tube 4
23,ADC23-S0,PC3544M4,SP27,192.168.2.208,4,44405001,256,Tube: D4-PACK 4 Tube 5
23,ADC23-S0,PC3544M4,SP27,192.168.2.208,5,44406001,256,Tube: D4-PACK 4 Tube 6
23,ADC23-S1,PC3544M4,SP27,192.168.2.209,0,44407001,256,Tube: D4-PACK 4 Tube 7
23,ADC23-S1,PC3544M4,SP27,192.168.2.209,1,44408001,256,Tube: D4-PACK 4 Tube 8
23,ADC23-S1,PC3544M4,SP27,192.168.2.209,2,44501001,256,Tube: D4-PACK 5 Tube 1
23,ADC23-S1,PC3544M4,SP27,192.168.2.209,3,44502001,256,Tube: D4-PACK 5 Tube 2
23,ADC23-S1,PC3544M4,SP27,192.168.2.209,4,44503001,256,Tube: D4-PACK 5 Tube 3
23,ADC23-S1,PC3544M4,SP27,192.168.2.209,5,44504001,256,Tube: D4-PACK 5 Tube 4
23,ADC23-S2,PC3544M4,SP27,192.168.2.210,0,44505001,256,Tube: D4-PACK 5 Tube 5
23,ADC23-S2,PC3544M4,SP27,192.168.2.210,1,44506001,256,Tube: D4-PACK 5 Tube 6
23,ADC23-S2,PC3544M4,SP27,192.168.2.210,2,44507001,256,Tube: D4-PACK 5 Tube 7
23,ADC23-S2,PC3544M4,SP27,192.168.2.210,3,44508001,256,Tube: D4-PACK 5 Tube 8
23,ADC23-S2,PC3544M4,SP27,192.168.2.210,4,44601001,256,Tube: D4-PACK 6 Tube 1
23,ADC23-S2,PC3544M4,SP27,192.168.2.210,5,44602001,256,Tube: D4-PACK 6 Tube 2
23,ADC23-S3,PC3544M4,SP27,192.168.2.211,0,44603001,256,Tube: D4-PACK 6 Tube 3
23,ADC23-S3,PC3544M4,SP27,192.168.2.211,1,44604001,256,Tube: D4-PACK 6 Tube 4
23,ADC23-S3,PC3544M4,SP27,192.168.2.211,2,44605001,256,Tube: D4-PACK 6 Tube 5
23,ADC23-S3,PC3544M4,SP27,192.168.2.211,3,44606001,256,Tube: D4-PACK 6 Tube 6
23,ADC23-S3,PC3544M4,SP27,192.168.2.211,4,44607001,256,Tube: D4-PACK 6 Tube 7
23,ADC23-S3,PC3544M4,SP27,192.168.2.211,5,44608001,256,Tube: D4-PACK 6 Tube 8
